{
  "X_mean": [
    0.0062532247975468636,
    0.022654153406620026,
    4.166688919067383,
    4.166690826416016
  ],
  "X_std": [
    0.26657333970069885,
    0.16812436282634735,
    0.3291968107223511,
    2.432869587210007e-05
  ],
  "y_mean": [
    -0.04341496527194977,
    0.049544159322977066
  ],
  "y_std": [
    0.227726012468338,
    0.4694918096065521
  ]
}